case_id,text,variety,source,Sentiment,Sarcasm,split,gold_label,predicted_label,prob_not_sarcastic,prob_sarcastic,gold_label_name,predicted_label_name,error_type,model_key,trained_on,tested_on,seed,adapter_path
E01,"Anyone proposing to run as a candidate for election should have to show that they have completed a civics course. This course should be free of charge, taught at accessible times, as adult community education. The course should cover the history of democracy, the Australian system, comparison to other systems in the past and in other nations, the expectations of an elected official, basic ethical philosophy etc, all up around twenty two-hour classes with assignments in between. 
No intelligent, honest, decent adult should have any difficulty with this type of course, however it would at least put those who are not, on notice.",en-AU,Reddit,0.0,1.0,test,1,0,0.9992679,0.0007321813,Sarcastic,Not Sarcastic,False Negative (missed sarcasm),qwen2.5-3b-qlora,en-AU,en-AU,42,/scratch/NLP project/checkpoints/qwen_adapters/qwen_en-AU_seed42
E02,"How do you define a ""cold country""? We are talking San Francisco weather.",en-AU,Reddit,0.0,1.0,test,1,0,0.9390248,0.060975183,Sarcastic,Not Sarcastic,False Negative (missed sarcasm),qwen2.5-3b-qlora,en-AU,en-AU,42,/scratch/NLP project/checkpoints/qwen_adapters/qwen_en-AU_seed42
E03,"Tram way back in the 90s, hit a car.
After school and packed.
I was holding on, my friend was not.
I saw him yeet, down the aisle as if he were falling off a cliff, taking the whole aisle with him.
He maintained eye contact the whole way, wide eyed with an outstretched hand.
One of those slow motion moments.
A++ would experience again.",en-AU,Reddit,1.0,1.0,test,1,0,0.958187,0.041812986,Sarcastic,Not Sarcastic,False Negative (missed sarcasm),qwen2.5-3b-qlora,en-AU,en-AU,42,/scratch/NLP project/checkpoints/qwen_adapters/qwen_en-AU_seed42
E04,"Yes, ""resignation"" should not be required - just mark the person as ""do not roster"". 
Even if you did have to rehire to cover them, for casuals it doesn't matter, because there is no requirement to take them back after their holiday - that would be a simple decision when they came back of ""do I need staff now, or not?""
Only reason I can think of is that it would be paperwork to explain why the person was marked ""no longer employed"" in the payroll and/or rostering computer system. Keeps it neat and tidy?",en-AU,Reddit,0.0,1.0,test,1,0,0.9994642,0.00053578056,Sarcastic,Not Sarcastic,False Negative (missed sarcasm),qwen2.5-3b-qlora,en-AU,en-AU,42,/scratch/NLP project/checkpoints/qwen_adapters/qwen_en-AU_seed42
E05,I'm sort of baffled that the moral of the story is to add to the chaos and barge on rather than encourage others to help people with prams (or mobility aids) if they're struggling why did nobody help her?,en-AU,Reddit,0.0,1.0,test,1,0,0.7620701,0.23792991,Sarcastic,Not Sarcastic,False Negative (missed sarcasm),qwen2.5-3b-qlora,en-AU,en-AU,42,/scratch/NLP project/checkpoints/qwen_adapters/qwen_en-AU_seed42
E06,How insulated are they?  I'm over paper thin walls.,en-AU,Reddit,0.0,0.0,test,0,1,0.11318691,0.8868131,Not Sarcastic,Sarcastic,False Positive (false sarcasm alarm),qwen2.5-3b-qlora,en-AU,en-AU,42,/scratch/NLP project/checkpoints/qwen_adapters/qwen_en-AU_seed42
E07,"That's ridiculous. 
But because people are too embarrassed/shy to say not thanks, it sells at that price and just encourages all prices to be increased. Don't be afraid to walk away if you don't like the price.",en-AU,Reddit,0.0,0.0,test,0,1,0.20402452,0.79597545,Not Sarcastic,Sarcastic,False Positive (false sarcasm alarm),qwen2.5-3b-qlora,en-AU,en-AU,42,/scratch/NLP project/checkpoints/qwen_adapters/qwen_en-AU_seed42
E08,"Bought an ANGUS Bacon BBQ Sauce with Onion and cheese. DRY MEAT!, NO ONION! CHEESE yes, 1 BACON Not 2, DOUBLE BBQ SAUCE! My friend has NOT had McDonald for years, and Now WILL NOT eat it again.",en-AU,Google,0.0,0.0,test,0,1,0.00024923254,0.9997508,Not Sarcastic,Sarcastic,False Positive (false sarcasm alarm),qwen2.5-3b-qlora,en-AU,en-AU,42,/scratch/NLP project/checkpoints/qwen_adapters/qwen_en-AU_seed42
E09,"Yes, if nuclear power plants were free and everyone was happy to have one nearby, they'd threaten all coal power, even some wind and solar.
But they're not and they aren't. It's nothing to do with not being ""allowed"". Literally no energy company is asking for ""permission"", because they know that nuclear makes no business sense.",en-AU,Reddit,0.0,0.0,test,0,1,0.00028685408,0.9997131,Not Sarcastic,Sarcastic,False Positive (false sarcasm alarm),qwen2.5-3b-qlora,en-AU,en-AU,42,/scratch/NLP project/checkpoints/qwen_adapters/qwen_en-AU_seed42
E10,"I'm Not a Junkie, But Who Has The Best Gear? Can't Bring Any With Me. Help!",en-AU,Reddit,0.0,0.0,test,0,1,0.027690258,0.9723097,Not Sarcastic,Sarcastic,False Positive (false sarcasm alarm),qwen2.5-3b-qlora,en-AU,en-AU,42,/scratch/NLP project/checkpoints/qwen_adapters/qwen_en-AU_seed42
