text,variety,error_type,gold_label,gold_label_name,adapter_prediction,v2_prediction,v2_prediction_name,v2_was_correct,in_original_6,raw_qwen_response
"Anyone proposing to run as a candidate for election should have to show that they have completed a civics course. This course should be free of charge, taught at accessible times, as adult community education. The course should cover the history of democracy, the Australian system, comparison to other systems in the past and in other nations, the expectations of an elected official, basic ethical philosophy etc, all up around twenty two-hour classes with assignments in between. 
No intelligent, honest, decent adult should have any difficulty with this type of course, however it would at least put those who are not, on notice.",en-AU,False Negative (missed sarcasm),1,Sarcastic,0,0,Not Sarcastic,False,False,"0
Reasoning: The text appears to be making a serious suggestion about civic education requirements for political candidates. There is no indication of sarcasm; the content is neutral and positive in tone. The literal and intended meanings align without any polarity reversal. The use of ""should"" and ""would"
How insulated are they?  I'm over paper thin walls.,en-AU,False Positive (false sarcasm alarm),0,Not Sarcastic,1,0,Not Sarcastic,True,False,"0
Reasoning: Context en-AU/Reddit. Read literally, the statement is a sincere complaint, question, or factual claim. There is no polarity reversal; the literal and intended readings agree -> Not Sarcastic. Decisive cue(s): no lexical irony marker - the cue"
"That's ridiculous. 
But because people are too embarrassed/shy to say not thanks, it sells at that price and just encourages all prices to be increased. Don't be afraid to walk away if you don't like the price.",en-AU,False Positive (false sarcasm alarm),0,Not Sarcastic,1,0,Not Sarcastic,True,False,"0
Reasoning: The text is a sincere complaint about the pricing behavior of others. There is no indication of sarcasm; the literal and intended meanings align. The phrase ""That's ridiculous"" expresses genuine frustration without irony. The rest of the text is a logical explanation of why such behavior"
"Bought an ANGUS Bacon BBQ Sauce with Onion and cheese. DRY MEAT!, NO ONION! CHEESE yes, 1 BACON Not 2, DOUBLE BBQ SAUCE! My friend has NOT had McDonald for years, and Now WILL NOT eat it again.",en-AU,False Positive (false sarcasm alarm),0,Not Sarcastic,1,0,Not Sarcastic,True,True,"0
Reasoning: The text appears to be a complaint about a product that did not meet the customer's expectations. The phrases like ""DRY MEAT!"", ""NO ONION!"", and ""DOUBLE BBQ SAUCE!"" indicate frustration and disappointment, but there is no indication that the speaker is"
"Yes, if nuclear power plants were free and everyone was happy to have one nearby, they'd threaten all coal power, even some wind and solar.
But they're not and they aren't. It's nothing to do with not being ""allowed"". Literally no energy company is asking for ""permission"", because they know that nuclear makes no business sense.",en-AU,False Positive (false sarcasm alarm),0,Not Sarcastic,1,0,Not Sarcastic,True,True,"0
Reasoning: The text describes a factual situation without any indication of sarcasm. The literal and intended meanings align, making it not sarcastic. There are no ironic markers or context suggesting the opposite meaning. The text is simply stating a fact about the lack of interest in nuclear power plants"
"I'm Not a Junkie, But Who Has The Best Gear? Can't Bring Any With Me. Help!",en-AU,False Positive (false sarcasm alarm),0,Not Sarcastic,1,0,Not Sarcastic,True,True,"0
Reasoning: The text appears to be a genuine inquiry about gear quality without any indication of sarcasm. The phrase ""Can't bring any with me"" suggests a genuine inability rather than sarcasm. The overall tone is neutral and straightforward, without any evident contradiction between the literal and intended"
Ur never too old to parrtaaay,en-AU,False Positive (false sarcasm alarm),0,Not Sarcastic,1,0,Not Sarcastic,True,False,"0
Reasoning: The text ""Ur never too old to parrtaaay"" appears to be a straightforward statement of a party invitation, which does not indicate sarcasm. The phrase is colloquial and casual, but there is no indication of a contradiction between the literal and intended"
It is convenient for the Labor government to have the universities and businesses of all sizes and shapes hankering for more student immigration. The easy GDP growth we get from students hides the fact that they have been absolutely ineffective in getting growth in more complex industries or any efficiency in our other export industries. Most growth is from education providers that rely on the lure of permanent residency and domestic work rights and unskilled low wage businesses with low barriers to entry that rely on foreign students.,en-AU,False Positive (false sarcasm alarm),0,Not Sarcastic,1,0,Not Sarcastic,True,False,"0
Reasoning: The text describes a situation objectively without expressing sarcasm. The Labor government's actions are critiqued, but there is no indication of the speaker being sarcastic or mocking. The intended meaning aligns with the literal wording, making it not sarcastic. Decisive"
"How do you define a ""cold country""? We are talking San Francisco weather.",en-AU,False Negative (missed sarcasm),1,Sarcastic,0,0,Not Sarcastic,False,False,"0
Reasoning: Context en-AU/Reddit. Read literally, the words look positive or neutral. The intended meaning is still a sincere question about defining ""cold country"" in the context of San Francisco weather, which does not involve sarcasm. The literal and intended readings agree. Dec"
"30F, same set of men on all dating apps. If I get a match, I have to squeeze them to have that conversation. I'm an introvert but at least I try. Most of them will try to trick you they're in for a long term but just really want to hookup lol it's hopeless. Good guys might just not be swiping me then I guess. I might just get myself a cat okay",en-AU,False Positive (false sarcasm alarm),0,Not Sarcastic,1,0,Not Sarcastic,True,False,"0
Reasoning: The text describes a situation in a straightforward manner without any indication of sarcasm. The speaker is expressing frustration and observations about their dating experience, which aligns with the literal and intended meanings. There are no elements that suggest the text is being said in a mocking or ironic"
"Tram way back in the 90s, hit a car.
After school and packed.
I was holding on, my friend was not.
I saw him yeet, down the aisle as if he were falling off a cliff, taking the whole aisle with him.
He maintained eye contact the whole way, wide eyed with an outstretched hand.
One of those slow motion moments.
A++ would experience again.",en-AU,False Negative (missed sarcasm),1,Sarcastic,0,0,Not Sarcastic,False,True,"0
Reasoning: The text describes a vivid scene of a tram accident, focusing on the dramatic and tragic moment. There is no indication of sarcasm; the literal and intended meanings align, making it a straightforward recount of an event without any ironic twist. The description is matter-of-fact"
"the pbo exists to model and extrapolite policycost and  ideas for all partys,not to mention now likely a year out or so 2  election the opposition should already have key policy platforms focus tested and and idea of costings and economic modelling done.
if labor had of gotten up as opposition last night and gave that little information they would be getting lambasted as being dysfunctional",en-AU,False Positive (false sarcasm alarm),0,Not Sarcastic,1,0,Not Sarcastic,True,False,"0
Reasoning: The text appears to be making a constructive criticism about the opposition party's lack of preparedness, which aligns with the literal and intended meanings without any indication of sarcasm. The use of terms like ""model"" and ""extrapolite"" suggests a serious discussion about"
"Yes, ""resignation"" should not be required - just mark the person as ""do not roster"". 
Even if you did have to rehire to cover them, for casuals it doesn't matter, because there is no requirement to take them back after their holiday - that would be a simple decision when they came back of ""do I need staff now, or not?""
Only reason I can think of is that it would be paperwork to explain why the person was marked ""no longer employed"" in the payroll and/or rostering computer system. Keeps it neat and tidy?",en-AU,False Negative (missed sarcasm),1,Sarcastic,0,0,Not Sarcastic,False,True,"0
Reasoning: The text appears to be making a suggestion about workplace practices, which is neutral in tone. There is no indication of sarcasm; the literal and intended meanings align, thus it is not sarcastic. The phrase ""resignation"" is used in its normal sense without"
"As much as I agree with Samaras, I think ultimately that Perrett saying that *""grand narratives belonged in election campaigns rather than budgets""* is probably the more practical truth.
This puts Labor in a position they're very comfortable in - lip service about the change they want, but only carrying out the changes they need (or believe they can afford) to make.
This is a fundamental issue with democracy under neoliberal and capitalist assumptions. It keeps the leftwing establishment from the proper work of nation building, keeps them ""tinkering around the edges"" as the article puts it - and allows for a ratcheting to the right of politics.
It's easy to cut taxes on wealth and big business donors. It's easy to take some money from here, put it there, to let Capitalism usurp your party's values over time. Much easier than standing up for your country, your values, or people who actually vote you in/out.
You need an economic radical to actually make substantial changes, someone willing to test things like Modern Monetary Theory, or to challenge mining giants. The exact kind of people who would never be allowed to make it that far in politics.",en-AU,False Positive (false sarcasm alarm),0,Not Sarcastic,1,0,Not Sarcastic,True,False,"0
Reasoning: The text discusses political strategies and the implications of certain policies. While the speaker agrees with Samaras, the overall tone and content do not indicate sarcasm. The literal and intended meanings align, as the speaker is presenting a nuanced view of political strategy without contradicting themselves."
I'm sort of baffled that the moral of the story is to add to the chaos and barge on rather than encourage others to help people with prams (or mobility aids) if they're struggling why did nobody help her?,en-AU,False Negative (missed sarcasm),1,Sarcastic,0,0,Not Sarcastic,False,True,"0
Reasoning: The text appears to be making a critical observation about a situation, suggesting that adding to chaos and barging in without offering help is the moral of the story. The literal and intended meanings align, indicating a critical stance rather than sarcasm. There are no lexical irony markers"
"So you theory is that flooding the market with a specific skill will lead to'business expansion' resulting in more senior roles being available at a higher pay, which roles can be filled by the native population since they have been in the workforce longer? 
I'm very skeptical and this sounds like disinformation. Why do you assume that business will expand when business cannot possibly expand beyond demand for goods or services? Why do you assume that the native population will fill senior roles when there may be experienced migrants available to fill these roles? Like how many senior IT industry roles are taken by migrants? Have these claimed effects of increasing wages been noticed in any industry which has been flooded by migrants? Does the theory of demand and supply not apply to labour?",en-AU,False Positive (false sarcasm alarm),0,Not Sarcastic,1,0,Not Sarcastic,True,False,"0
Reasoning: The text appears to be making a logical argument about labor market dynamics without using sarcasm. The literal and intended meanings align, suggesting that the speaker is expressing skepticism rather than mocking. There are no clear indicators of irony or contradiction between the words and the implied meaning. The"
The please get off my lawn moment was gold,en-AU,False Positive (false sarcasm alarm),0,Not Sarcastic,1,0,Not Sarcastic,True,False,"0
Reasoning: The phrase ""get off my lawn"" is a well-known American idiom that means someone is being overly sensitive about something trivial. The speaker is likely using this phrase ironically to express that the situation being described is indeed trivial and not worthy of concern. However, without more"
Who is your retailer?,en-AU,False Positive (false sarcasm alarm),0,Not Sarcastic,1,0,Not Sarcastic,True,False,"0
Reasoning: The text ""Who is your retailer?"" appears to be a straightforward question about someone's shopping preference or experience. It does not contain any elements that suggest sarcasm, such as irony or a contradiction between the literal and intended meanings. The tone is neutral and the phrase is"
Way ahead of the game,en-AU,False Positive (false sarcasm alarm),0,Not Sarcastic,1,0,Not Sarcastic,True,False,"0
Reasoning: The phrase ""Way ahead of the game"" is typically used as a compliment, indicating someone is doing well or excelling in their field. Without additional context suggesting sarcasm, such a statement generally aligns with its literal meaning. Therefore, there is no indication of a"
"Poor experience, got our order wrong twice then tried to charge me the extra for their stuff up, plus they got the drink wrong. I've never had even a less than average experience at other Hungry Jack so this was a shock. Young girls need to stop gossiping in the kitchen n service areas n FOCUS on the job at hand.",en-AU,False Positive (false sarcasm alarm),0,Not Sarcastic,1,0,Not Sarcastic,True,False,"0
Reasoning: The text describes a poor customer experience in a straightforward manner without any indication of sarcasm. The intended meaning aligns with the literal wording, indicating a genuine complaint rather than sarcasm. There are no lexical irony markers or context clues suggesting the opposite meaning. The tone is"
Marles is a Washington controlled sock puppet.,en-AU,False Negative (missed sarcasm),1,Sarcastic,0,0,Not Sarcastic,False,False,"0
Reasoning: The text appears to be making a factual accusation about someone being a puppet controlled by someone named Marles. There is no indication of sarcasm; the intended meaning aligns with the literal wording. The phrase ""controlled by"" suggests a straightforward statement without irony. The context"
It looks like two rotten lemons in a small silk like material bag,en-AU,False Positive (false sarcasm alarm),0,Not Sarcastic,1,1,Sarcastic,False,False,"0
Reasoning: The text uses metaphorical language (""rotten lemons"") which does not necessarily imply sarcasm. However, the phrase ""in a small silk like material bag"" suggests a sarcastic tone. Given the context of the variety (en-AU Reddit), the combination of"
"Lets just say... a brick wall gives better customer service. The sub I ordered turned out pretty good, shame that it was let down by some not very nice ladies.",en-AU,False Negative (missed sarcasm),1,Sarcastic,0,0,Not Sarcastic,False,False,"0
Reasoning: The text appears to be making a straightforward comparison between a brick wall and a customer service experience, suggesting that the brick wall provided better service. There is no indication of sarcasm; the literal and intended meanings align, indicating a neutral or possibly positive sentiment rather than a mocking"
"Pine gap is one of the most important, if not the most important spy facilities in this region.
Than secondly there's exmouth which is still used to this day to communicate with submarines, some of which are nuclear armed.",en-AU,False Positive (false sarcasm alarm),0,Not Sarcastic,1,0,Not Sarcastic,True,False,"0
Reasoning: The text describes Pine Gap and Exmouth as important spy facilities without any indication of sarcasm. The description is neutral and factual, with no polarity reversal between the literal and intended meanings. The use of ""one of the most important"" and ""still used to this day"
"Please attempt to stay on topic and avoid derailing threads into unrelated territory. 
While it can be productive to discuss parallels, egregious whataboutisms or other subject changes will be in breach of this rule - to be judged at the discretion of the moderators.
This has been a default message, any moderator notes on this removal will come after this:
My dude, a fairly tactless whataboutism there that's actually off-topic.",en-AU,False Positive (false sarcasm alarm),0,Not Sarcastic,1,0,Not Sarcastic,True,False,"0
Reasoning: The text appears to be a moderator reminding users to stay on topic, which is a neutral instruction. There is no indication of sarcasm; the literal and intended meanings align, making it not sarcastic. The use of ""My dude"" at the end does not change"
"I bet if a Liberal party guy (literally any) did the same thing you'd be talking about being tough on China. Play nice with them or be tough on them, pick one.",en-AU,False Positive (false sarcasm alarm),0,Not Sarcastic,1,0,Not Sarcastic,True,False,"0
Reasoning: The text appears to be making a general observation about political rhetoric without implying sarcasm. The speaker is suggesting that someone's stance on China would be more notable if taken by a member of the Liberal party, but this does not indicate sarcasm. The literal and intended meanings"
"It's great, barely any customers and the cinemas are always empty.",en-AU,False Negative (missed sarcasm),1,Sarcastic,0,0,Not Sarcastic,False,False,"0
Reasoning: The text appears to be a straightforward observation about the state of cinemas with no indication of sarcasm. The phrase ""barely any customers"" suggests a lack of patrons, which is a neutral observation. The second part, ""and the cinemas are always empty,"" further reinforces"
"> GRN 13.5 (+0.5)
Winning",en-AU,False Positive (false sarcasm alarm),0,Not Sarcastic,1,0,Not Sarcastic,True,False,"0
Reasoning: The text appears to be a straightforward electoral result announcement, with numbers and a winning status. There is no indication of sarcasm; the literal and intended meanings align. The phrase ""> GRN 13.5 (+0.5) Winning"" suggests a political party"
"I got a vanilla slice, the custard was not nice and creamy at all.. was like eating glug.. which is disappointing",en-AU,False Positive (false sarcasm alarm),0,Not Sarcastic,1,0,Not Sarcastic,True,False,"0
Reasoning: The text describes a negative experience with the custard being unpleasant, but the sentiment is straightforward and does not indicate sarcasm. The phrase ""was like eating glug"" suggests disappointment without implying the opposite. The literal and intended meanings align, making it not sarcastic."
I mainly drink shiraz and never do but I have friends who like to ice their Pinot Noir. I have seen waiters reel in horror but I couldn't care less and if you judge people for something like that you are a bit of a tool really.,en-AU,False Negative (missed sarcasm),1,Sarcastic,0,0,Not Sarcastic,False,False,"0
Reasoning: The text describes a personal preference and behavior without any indication of sarcasm. The speaker is simply stating that they prefer Shiraz and that some friends enjoy chilling their Pinot Noir. There is no contradiction between the literal and intended meanings; the sentiment is straightforward and non-s"
"> Nobody can be sure how much the big miners have saved in the years since that repeal, but it would make the tax credits look like spare change.
Considering the watered down version that was passed and the meagre amount it brought in, the amount would probably be quite low",en-AU,False Positive (false sarcasm alarm),0,Not Sarcastic,1,0,Not Sarcastic,True,False,"0
Reasoning: The text describes a situation without expressing sarcasm. The speaker is simply stating a fact about the savings of big miners and the effectiveness of the repealed tax credit. There is no indication of the speaker being ironic or mocking their own statement. The literal and intended meanings align,"
Shouldn't inner city residents be catching public transport and car sharing?,en-AU,False Positive (false sarcasm alarm),0,Not Sarcastic,1,0,Not Sarcastic,True,False,"0
Reasoning: The text appears to be making a logical suggestion about urban residents' behavior towards public transport and car sharing. It does not contain any irony or contradiction between the literal and intended meanings. The sentiment is neutral and straightforward. Therefore, it is not sarcastic."
They're all the way down in Berwick too. There was a deer farm up near Wellington road that had a mass breakout years back and that's what's driven the population boom,en-AU,False Positive (false sarcasm alarm),0,Not Sarcastic,1,0,Not Sarcastic,True,False,"0
Reasoning: The text describes a factual event without any indication of sarcasm. The speaker is simply stating a historical fact about a deer farm and its impact on the population. There is no contradiction between the literal and intended meanings. The tone is neutral and informative. The phrase ""There"
"There's still lots of money out there being spent and it's pushing up inflation. I work in sales, we distribute composite decking, cladding and screening through trade hardware stores. 
Generally speaking cladding goes on new builds while decking is mostly for the renovations/add on market. Usually the colder months are slow, with cladding holding sales together, while summers the decking really takes off (people are short sighted, they only want to put in decks when it gets warm and realise they don't have one, or their existing one is falling apart). 
We had a bit of a slow start this year, but this month we are getting'summer' level of sales, both in decking and cladding, which is something that none of us really expected. Cladding would make sense because builds happen year round, but people are spending big on renovations as well, which isn't what you'd expect during a cost of living crisis. 
As much as I'd love to say this is because I'm an amazing sales rep, every other state is pushing similar numbers, with sales at 120% of budget coming into the end of financial year. I've got friends that work for our competitors and they are also seeing the same results. There may be a cost of living crisis somewhere, but it sure as shit isn't everywhere, and we expect even more money pumped into the economy come early August as that's bonus/commission season for anyone in sales and corporate, as well as tax return season.",en-AU,False Positive (false sarcasm alarm),0,Not Sarcastic,1,0,Not Sarcastic,True,False,"0
Reasoning: The text describes observed sales trends and economic conditions without using ironic or sarcastic language. The literal and intended meanings align, indicating the text is not sarcastic. There are no indicators of irony or direct contradiction between the words and the implied meaning. The speaker is simply reporting"
You can blame them for letting a known person wander around the communities when we have mental health beds.,en-AU,False Positive (false sarcasm alarm),0,Not Sarcastic,1,0,Not Sarcastic,True,False,"0
Reasoning: The text appears to be making a factual statement about community safety and mental health resources. There is no indication of sarcasm; the intended meaning aligns with the literal wording. The phrase ""letting a known person wander around"" could be interpreted as a criticism of a"
No - here's a story why not.,en-AU,False Positive (false sarcasm alarm),0,Not Sarcastic,1,0,Not Sarcastic,True,False,"0
Reasoning: The text starts with ""No -"" which often indicates a negation or refusal, but the following sentence provides a reason for this. The literal and intended meanings align, as the author is simply providing a reason for their previous statement without implying a contradiction. The text does"
Why do you keep lying? I have sent you document after document explaining exactly what is meant by a dispatch interval and you just keep pushing the same lie. Who are you trying to fool?,en-AU,False Positive (false sarcasm alarm),0,Not Sarcastic,1,0,Not Sarcastic,True,False,"0
Reasoning: The text appears to be expressing frustration and accusation rather than mocking. The use of ""keep lying"" and ""pushing the same lie"" suggests anger and a desire for truth, which aligns with the literal and intended meanings without any indication of sarcasm. There are"
"Bolognese. Stroganoff. Other rice and pasta based dishes. Marinara seafood mix goes a \*long\* way. Obviously mince/pasta sauces/etc do too. You could even go the whole hog -- spend $40, and use that extra $20 to buy ingredients to make your own sauces and store them for ages.
I buy cheap frozen meals because they're like fucking $3 a pop for cheap brands and can be used to stretch out your other ingredients in a very cost effective way. The meat in them is rarely the best cut, but when you've got your own chicken breast etc to stretch them out -- it's very, very cost effective.",en-AU,False Positive (false sarcasm alarm),0,Not Sarcastic,1,0,Not Sarcastic,True,False,"0
Reasoning: The text describes a cost-effective method for using frozen meals to stretch out ingredients. There is no indication of sarcasm; the literal and intended meanings align, making it not sarcastic. The tone is matter-of-fact and practical, which does not suggest sarcasm."
"Wow, what an experience. More than an hour wait for our breakfast but we probably need to take some of the blame as we ordered an extravagant menu choice of bacon and eggs with a hash brown. No greeting or instructions, so we grabbed our own table and waited. Fifteen minutes later it was obvious that we probably needed to get our own menus as there were none on the table. Menu collected and choices decided, went to the counter to order and still no greeting apart from a couple of grunts whilst coffee was being made. Order provided and more than an hours wait for food to arrive. Underwhelming at best. Packaged butter placed on the balsamic glaze to make the experience all that much better with sticky fingers. Buttering the toast was an experience as there were more holes in the bread than bread. A request for salt and pepper was met with a look of distain. Again, I should have trusted the chef in such a quality establishment to season the food sufficiently. Bacon was ordinary, hash brown flavoured with three month old oil but my poached eggs were near perfect, hence the two stars. One for each egg. Do yourself a favour, go around the block and take advantage of Maccas or Hungry Jacks. At least you know what you will get there.",en-AU,False Negative (missed sarcasm),1,Sarcastic,0,1,Sarcastic,True,False,"0
Reasoning: The text describes a series of frustrating experiences during a meal, with no indication that the speaker is mocking or criticizing the situation in a sarcastic way. The tone is one of disappointment and exasperation, but there is no clear reversal of the literal and intended meanings."
Not uncommon and not good enough.,en-AU,False Positive (false sarcasm alarm),0,Not Sarcastic,1,0,Not Sarcastic,True,False,"0
Reasoning: The text appears to be stating a straightforward observation about something being common and inadequate. There is no indication of irony or sarcasm; the literal and intended meanings align. The phrase ""not uncommon and not good enough"" is a neutral statement without any implication of mockery or contradiction"
"My son was born in QLD just over a decade ago and he was circumcised against my wishes by my now ex husband and his family. 
There was no medical reason for him to be circumcised but they did it without my knowledge (i was suffering from birth complications and the in laws were looking after him for me).",en-AU,False Negative (missed sarcasm),1,Sarcastic,0,0,Not Sarcastic,False,False,"0
Reasoning: The text describes a factual and emotional account of a circumcision incident, which does not contain any indication of sarcasm. The speaker is expressing distress and disagreement about the procedure, but there is no contradiction between the literal and intended meanings. The use of ""against my wishes"""
"Cozy place, friendly staff! Had an awesome lunch at Lo",en-AU,False Positive (false sarcasm alarm),0,Not Sarcastic,1,0,Not Sarcastic,True,False,"0
Reasoning: The text appears to be a genuine compliment about a cozy place and friendly staff, followed by a positive experience at a restaurant. There is no indication of sarcasm; the literal and intended meanings align. The phrase ""Had an awesome lunch"" suggests satisfaction, which contradicts"
"Was really looking forward to this place, based on recommendations. However, the food was really underwhelming. I do n't think I ever had a "" bad "" Chinese / Korean meal( perhaps the luck ran out)  this would have to be on the bottom of the list. Service, it was like being at an Aldi checkout. We actually had to ask for the food run to be slowed down-firstly, we did n't have space on the table and secondly, it felt like we were being rushed to eat. The pressure to chow down your meal was intense.",en-AU,False Negative (missed sarcasm),1,Sarcastic,0,0,Not Sarcastic,False,False,"0
Reasoning: The text describes a negative dining experience, but the literal and intended meanings align. The reviewer expresses disappointment with the food quality and service, which is consistent with the described experience without any indication of sarcasm. There are no lexical irony markers or context suggesting the opposite meaning."
"Developers are easy to understand.
1. Getting planning approvals doesn't nessecaily mean they are in the position to build. They often do this to increase the value of their equality to borrow again to to upsell. Both of which maximise their profit.
2. If competition is low and prices are rising, this will encourage a lot to hold back developments to maximise their profit
3. If material costs are high but appear to be dropping they will hold back their development to maximise their profit.
Councils approving more planning and building permits isn't the only thing they can do to increase supply. 
They have the power to produce proposals to rezone land in their municipality to get approved by the planning minister. 
This will introduce much needed upzoned land competition. The type of competition that sends a shiver up the spines of the developers who think holding will result in higher returns. 
This is what is lacking in the majority of councils across this country. They simply don't rezone enough land to result in the supply we need.",en-AU,False Positive (false sarcasm alarm),0,Not Sarcastic,1,0,Not Sarcastic,True,False,"0
Reasoning: The text describes the actions and strategies of developers in a straightforward manner without any indication of sarcasm. The literal and intended meanings align, making it not sarcastic. There are no lexical irony markers or context clues suggesting the opposite meaning. The text appears to be a neutral"
"Well I'm not really confident that we'll see mismanagement on the scale of Turnbull's Hydro 2.0... especially given several of the issues with building Hydro 2.0 came from stuff they couldn't reasonably have predicted in the first place. 
This the real reason why we have an energy crisis and why nuclear won't be built here anytime soon. The media actively criticises any investment in building assets or infrastructure and if there are any snags in the project, the criticism flows even harder. No consideration for any aspect of the project beyond the price tag. And the writer of this article thinks they're being clever by drawing a spurious inference between Snowy 2.0 and the FMIA program, which ultimately amounts to ""uhhh watch out for unforeseen liabilities!"" That's the state of political journalism in this country; business economics 101 presented as cogent criticism of government ministers.",en-AU,False Positive (false sarcasm alarm),0,Not Sarcastic,1,0,Not Sarcastic,True,False,"0
Reasoning: The text describes a situation and criticizes the media's behavior without using ironic language. The literal and intended meanings align, indicating the text is not sarcastic. There are no lexical irony markers present, and the tone is critical but not mocking. The criticism of the media"
What could have been if the Dutch colonized when they had the chance instead of leaving it for the Brits,en-AU,False Positive (false sarcasm alarm),0,Not Sarcastic,1,0,Not Sarcastic,True,False,"0
Reasoning: The text appears to be making a historical observation about the Dutch colonization. Without additional context suggesting sarcasm, the literal and intended meanings align, indicating it is not sarcastic. There are no indicators of irony or contradiction in the phrasing."
"Was n't impressed with the McFlurry or the sundae! Nothing like the container shown online, or in-store! Did n't look anything like it, and seemed a lot smaller serving! The picture is very deceiving! We were let down! It felt like no effort was made. Very little caramel sauce, well below the top of the small container! The McFlurry was also below the container fill line, with a flat lid on both! How is this even a Sunday! ? Let alone the McFlurry in the same plastic container with lid!",en-AU,False Positive (false sarcasm alarm),0,Not Sarcastic,1,0,Not Sarcastic,True,False,"0
Reasoning: The text describes a disappointed customer experience, but the literal and intended meanings align. The reviewer is expressing genuine dissatisfaction without any indication of sarcasm. The use of exclamation marks and phrases like ""let down"" and ""no effort was made"" suggest genuine frustration rather than"
"To everyone freaking out, as a plumber this happens often.
No rain last night, so not a roof leak. Water has been isolated so issue has stopped.
Could be a bath left on, fire sprinkler, Flexi hose burst, burst pipe in wall etc. the main floor thats burst will need floors replaced, the other floors wil probably just need hallway carpet dried. Lift shaft will likely be fine.
The comments about cost and not buying in this building are ridiculous. This will almost certainly be covered by insurance - either strata, individual or builders. A few people will be put out, almost all will be fine.",en-AU,False Negative (missed sarcasm),1,Sarcastic,0,0,Not Sarcastic,False,False,"0
Reasoning: The text describes a plumbing issue and its potential causes in a straightforward manner. The speaker is explaining the situation and providing information without any indication of sarcasm. The literal and intended meanings align, so it is not sarcastic. There are no lexical irony markers or context clues"
"For once, I kind of agree with the North Shore NIMBYs. Sydney has enough people. We're already packed like sardines, schools are overflowing and traffic is fucked. I understand the desire to build closer to the city, but people need to suck it up and go further west. And I say this as a person who lives out west. There's plenty of space out here. As long as they build the infrastructure to accommodate the extra people, I'm happy. 
But the idea of a few extra thousand people commuting over the Spit Bridge every morning is terrifying.",en-AU,False Positive (false sarcasm alarm),0,Not Sarcastic,1,0,Not Sarcastic,True,False,"0
Reasoning: The text expresses a generally supportive view of the NIMBYs' stance and their desire to build further west. The speaker acknowledges the situation and agrees with the sentiment, indicating a shared concern about overcrowding and infrastructure issues. There is no polarity reversal between the literal and"
Nothing I love more than people knowing and using their consumer rights to hold big companies accountable,en-AU,False Positive (false sarcasm alarm),0,Not Sarcastic,1,0,Not Sarcastic,True,False,"0
Reasoning: The text expresses support for consumers exercising their rights, which aligns with the literal and intended meanings without any polarity reversal. The sentiment is positive and supportive rather than mocking. There are no ironic elements present."
"When my kids are here: Dinner table. We eat as a family. Rarely unless it's a special night on the couch. 
When they aren't, mostly on the couch with my feet up watching tv. It makes me feel like a grownup making my own damn decisions",en-AU,False Positive (false sarcasm alarm),0,Not Sarcastic,1,0,Not Sarcastic,True,False,"0
Reasoning: The text describes a situation without any indication of sarcasm. The speaker is simply stating their current living arrangement and how it makes them feel. There is no contradiction between the literal and intended meanings. The phrase ""It makes me feel like a grownup making my own damn"
"Mowing lawns, home maintenance, carpentry which I fucking hate. Anyone need small jobs done?",en-AU,False Negative (missed sarcasm),1,Sarcastic,0,0,Not Sarcastic,False,False,"0
Reasoning: The text appears to be a straightforward request for help with small jobs, expressed in a casual and matter-of-fact tone. There is no indication of sarcasm; the sentiment is neutral and the literal and intended meanings align. The phrase ""fucking hate"" is part"
"If the pain is unbearable you need to go to a hospital, it will be free",en-AU,False Negative (missed sarcasm),1,Sarcastic,0,0,Not Sarcastic,False,False,"0
Reasoning: The text appears to be a straightforward advice about seeking medical help when in severe pain. There is no indication of sarcasm; the literal and intended meanings align, making it not sarcastic. The phrase ""it will be free"" could be interpreted as genuine concern or a"
Some of us can care about issues beyond ourselves- both are possible.,en-AU,False Negative (missed sarcasm),1,Sarcastic,0,0,Not Sarcastic,False,False,"0
Reasoning: The text appears to be making a straightforward statement about caring for issues beyond oneself, which is generally positive. There is no indication of irony or sarcasm; the literal and intended meanings align. The phrase ""both are possible"" suggests a balanced perspective rather than mocking or bel"
"Luckier than many others, that's for sure",en-AU,False Positive (false sarcasm alarm),0,Not Sarcastic,1,0,Not Sarcastic,True,False,"0
Reasoning: The text is straightforward and does not contain any indication of sarcasm. The phrase ""Luckier than many others"" is expressed without any implication of irony or contradiction. It appears to be a simple statement of fact about someone's relative good fortune. Therefore, the literal and"
Confronted in the headline then the article says raised concerns. Now I don't have a masters in English but those two phrases are in conflict with each other. Abc do better.,en-AU,False Positive (false sarcasm alarm),0,Not Sarcastic,1,0,Not Sarcastic,True,False,"0
Reasoning: The text appears to be expressing confusion about the contradiction between the headline and the article's content. However, there is no clear indication of mocking or ironic intent beyond this confusion. The phrase ""those two phrases are in conflict with each other"" suggests a genuine observation rather than"
"Wait, hold up - since when did the Swanston St Macca's close?",en-AU,False Positive (false sarcasm alarm),0,Not Sarcastic,1,0,Not Sarcastic,True,False,"0
Reasoning: The text appears to be a genuine inquiry about the closure of a McDonald's restaurant on Swanston Street in Melbourne. There is no indication of sarcasm; the literal and intended meanings align, making it not sarcastic. The tone is neutral and straightforward, consistent with a"
Because unfortunately we've had conservative governments for most of the last 30 years.,en-AU,False Positive (false sarcasm alarm),0,Not Sarcastic,1,0,Not Sarcastic,True,False,"0
Reasoning: The text is stating a fact about political governance without any indication of sarcasm. The phrase ""Unfortunately"" suggests a neutral tone, and there is no implication of irony or contradiction between the stated facts and their implied meanings. The sentiment is straightforward and does not deviate from"
We recently spent a fair bit of money on a very nice dining table and sturdy comfortable dining chairs... So to answer your question we eat on the lounge watching our stories.,en-AU,False Negative (missed sarcasm),1,Sarcastic,0,0,Not Sarcastic,False,False,"0
Reasoning: The text describes a situation of spending money on furniture and eating at home. The sarcasm is not present as the literal and intended meanings align, indicating a neutral or slightly positive tone about their dining experience. There are no indicators of irony or contradiction in the text. The"
"Trans are always unreliable and the PtV app is *waaaaayyy* too optimistic. Thinking that you can get through on a 4 minute connection or something. As if they aren't continually running off scheduled times.
They get held up by traffic, the passenger load is unpredictable. The passengers are unreliable. Sometimes there's a million people every stop takes 3 minutes to load/unload. Sometimes there are none and they fly through the stops. 
Sometimes there are people trying to bring a shopping trolley onto the tram and then the tram driver needs to have an argument. And then the passenger eventually agrees to unload their trolley and shouts at everyone to help them. And then the passenger starts huffing and hurling abuse. And then the tram driver has to stop again to ask them to stop. And then the driver has to call the cops. And then the driver maybe feels a little bad for calling the cops maybe and warns the passenger to get off at next stop because the cops will be waiting at the one after that. And then the passenger has to wrestle 10 bags off the tram. And all that takes time. And in the meantime, I missed my train.",en-AU,False Positive (false sarcasm alarm),0,Not Sarcastic,1,0,Not Sarcastic,True,False,"0
Reasoning: The text describes a series of frustrating and exaggerated scenarios about public transportation issues. While the tone is critical and somewhat angry, the literal and intended meanings align. The author is expressing genuine frustration without implying the opposite. There are no clear indicators of sarcasm such as ironic ph"
"Aren't they supposed to talk? 
And that Philippine president is just looking for an excuse to declare martial law and stay in power for two decades like his father.",en-AU,False Positive (false sarcasm alarm),0,Not Sarcastic,1,0,Not Sarcastic,True,False,"0
Reasoning: The text appears to be making a critical observation about political behavior, suggesting that the Philippine president might seek to extend his rule. There is no indication of sarcasm; the intended meaning aligns with the literal wording. The phrase ""aren't they supposed to talk"" is"
"Go back again 
Assuming a teenager at the counter didn't know the difference between a normal return and a faulty return. Have had it happen before to me and had to point out the faulty part and they swapped it no issues once the brain cells clicked over.",en-AU,False Negative (missed sarcasm),1,Sarcastic,0,0,Not Sarcastic,False,False,"0
Reasoning: The text describes a situation that happened to the speaker, stating that teenagers sometimes misunderstand the difference between a normal return and a faulty return. There is no indication of sarcasm; the literal and intended meanings align, making it not sarcastic. The use of ""Assuming"
Their cult stuff is pretty crummy of the way they treat their staff and OHS record is!?,en-AU,False Positive (false sarcasm alarm),0,Not Sarcastic,1,1,Sarcastic,False,False,"0
Reasoning: The text contains criticism about the company's treatment of staff and OHS record, but it does not use any sarcastic indicators such as irony markers. The tone is critical and direct, indicating the intended meaning aligns with the literal reading. Therefore, it is not sarcast"
The FOI on how this Ministerial Direction was anticipated to operate is very informative,en-AU,False Positive (false sarcasm alarm),0,Not Sarcastic,1,0,Not Sarcastic,True,False,"0
Reasoning: The text appears to be stating that the FOI document is informative, which aligns with its literal and intended meanings. There is no indication of sarcasm. The phrase ""FOI"" likely stands for Freedom of Information, which is typically presented neutrally without irony."
"Not a bad idea in itself but it works on choice; I can see that you're ripping me off so I'll go somewhere else instead.
The problem is that despite Aldi or IGA's often having better deals, I can't do all my shopping at those places so I tend to end up at the big 2. I already know they're ripping me off but I don't have time to drive to 3 different places to get all the stuff I need. I don't usually have time to get just to my closest Aldi. And *the big 2 know* this too. They know I'm gonna grumble then pay their shitty prices.
More evidence isn't going to help.",en-AU,False Negative (missed sarcasm),1,Sarcastic,0,0,Not Sarcastic,False,False,"0
Reasoning: The text describes a situation where the speaker consistently feels cheated by larger stores (Aldi or IGA) due to their perceived unfair pricing. Despite the frustration expressed, the literal and intended meanings align; the speaker is not mocking or contradicting themselves. The phrase """
"Yes. It has to be an expensive brand so especially the young ones don't bother getting the right size because all that matters is the brand.
Ties are not a thing in AU. 
No socks and leather shoes are a thing though so that you'll see a lot.",en-AU,False Negative (missed sarcasm),1,Sarcastic,0,0,Not Sarcastic,False,False,"0
Reasoning: The text describes a cultural observation about clothing trends in Australia without implying sarcasm. The speaker is simply stating facts and opinions about fashion preferences, which aligns with the literal and intended meanings without any polarity reversal. There are no lexical irony markers present. The tone is straightforward"
Don't support Murdoch's businesses,en-AU,False Positive (false sarcasm alarm),0,Not Sarcastic,1,0,Not Sarcastic,True,False,"0
Reasoning: The text appears to be a straightforward statement of disapproval without any indication of sarcasm. The phrase ""Don't support"" is used in a direct manner, and there are no contextual clues suggesting irony or a contradiction between the literal and intended meanings. The text is simply"
"My brother took me here for lunch, which was nice of him. Our first impression was how heavy the sliding entry door was. It took 15 men and a small goat to tow it open with a rope. Once inside, the waitress seated us at our table, which was in the middle of the room. This would n't be unusual except we were the only two customers in the restaurant, aside from some rando in shorts at the bar, who left soon after. The decor is nice. The waitress served our table water, took our orders, then went and made our drinks. The food seemed to take a while, which I thought was odd considering the number of people they had to serve( 2, us). I guess the kitchen staff just had to catch up on whatever the kardashians were doing or whatever. No complaints about the food or drinks when they finally came. Top tier, served and presented well and tasted better than it looked. About the best a bundy bogan can ask for. The waitress serving us( the only waitress there) also made our cocktails. She took pride in crafting the unique house specials they offered, which, as somewhat of a mixologist myself, I could appreciate. Overall, I had a pleasant dining experience, and I would definitely come here again on someone else money. Between entrees, mains, and drinks, we racked up 240, although we were given 4 back in change for some unknown reason. It was really mysterious. Another mystery was what was upstairs. They had chairs parked in front, so you could n't easily get up there, but I think next time, I will try and sneak up there and uncover whatever secrets they are hiding.",en-AU,False Negative (missed sarcasm),1,Sarcastic,0,0,Not Sarcastic,False,False,"0
Reasoning: The text describes a dining experience in a restaurant, detailing various aspects such as the door, service, food, and atmosphere. While the descriptions are detailed and sometimes exaggerated, the overall tone and content do not indicate sarcasm. The literal and intended meanings align, making it"
"Yeah we just don't have the excuse over here. We don't have the high population and limited space as an excuse. Perth is the largest metro area in the whole world, with a smallish population. Yet they just fumble so hard.",en-AU,False Positive (false sarcasm alarm),0,Not Sarcastic,1,0,Not Sarcastic,True,False,"0
Reasoning: The text appears to be making a factual observation about Perth's size and population compared to other major cities. There is no indication of sarcasm; the statement is presented as a straightforward fact without any implied opposite meaning. The phrase ""we just don't have the excuse"""
When will the internet stop being racist? Is that really your question?,en-AU,False Positive (false sarcasm alarm),0,Not Sarcastic,1,0,Not Sarcastic,True,False,"0
Reasoning: The text appears to be a genuine rhetorical question expressing frustration about racism on the internet. There is no indication of irony or sarcasm; the literal and intended meanings align. The phrase ""When will the internet stop being racist?"" sounds sincere and concerned rather than mocking. The"
"Don't - you have practically zero chances of getting PR as an accountant
But if you insist (again, I warned you against it) you might want to consider the fact that UOW is at assessment level 2, while Deakin is at 1",en-AU,False Negative (missed sarcasm),1,Sarcastic,0,0,Not Sarcastic,False,False,"0
Reasoning: The text appears to be making a factual statement about the chances of getting PR (Permanent Residency) as an accountant and the relative assessment levels of two universities. There is no indication of sarcasm; the literal and intended meanings align, thus it is not sarcastic."
"You can't give someone space to pull out if you're in front of them. Sounds like a dickhead but you're right, it's not worth it.",en-AU,False Negative (missed sarcasm),1,Sarcastic,0,0,Not Sarcastic,False,False,"0
Reasoning: The text appears to be making a straightforward observation about the impracticality of a situation. There is no indication of sarcasm; the literal and intended meanings align, indicating it is not sarcastic. The phrase ""Sounds like a dickhead"" is used to express dis"
Those that don't heed history are condemned to repeat it.,en-AU,False Positive (false sarcasm alarm),0,Not Sarcastic,1,0,Not Sarcastic,True,False,"0
Reasoning: The text is a straightforward historical observation. The phrase ""those that don't heed history"" is a well-known saying that implies a warning about ignoring past events. There is no indication of sarcasm; the intended meaning aligns with the literal wording. The phrase is used"
"Told FOH staff that we got overcooked poached egg, after checking with the kitchen team, she informed us that they can not do anything as the entire meal is half eaten already lesson learned, check the egg first before start eating anything on the plate. Then found blue plastic on my chicken meat pie. This time they replaced it with a new one, and returned my money back. Unfortunately the second meat pie still has the blue plastic inside the filling. Unsure if this just my unluckiest day or Well at least they played my fav song during the entire time I was there.",en-AU,False Negative (missed sarcasm),1,Sarcastic,0,0,Not Sarcastic,False,False,"0
Reasoning: The text describes a series of events and issues encountered by the speaker while dining out. While the tone is somewhat frustrated, the literal and intended meanings align. The speaker is expressing genuine dissatisfaction and seeking resolution, which does not indicate sarcasm. There are no clear indicators of"
"Yes, young people drive like idiots especially on country roads regardless of what they're driving",en-AU,False Positive (false sarcasm alarm),0,Not Sarcastic,1,0,Not Sarcastic,True,False,"0
Reasoning: The text appears to be making a straightforward observation about young people's driving skills, particularly on country roads. There is no indication of sarcasm; the intended meaning aligns with the literal wording. The phrase ""idiots"" is used in a factual manner, without any"
I would also say raise the bar for entry as well. So many dead beats I've seen go through my trade with the pay to pass system we have now. We shed on average three a year from our class due to not being able to complete the tasks in a satisfactory manner,en-AU,False Positive (false sarcasm alarm),0,Not Sarcastic,1,0,Not Sarcastic,True,False,"0
Reasoning: The text appears to be making a factual observation about the quality of students in the trade, suggesting a need to improve standards. There is no indication of sarcasm; the literal and intended meanings align. The phrase ""dead beats"" is used in a straightforward, non-m"
"No real truth to it, we have dangerous animals, but no more than the USA really, and those animals tend to live away from humans.
It's a total circlejerk really.",en-AU,False Positive (false sarcasm alarm),0,Not Sarcastic,1,0,Not Sarcastic,True,False,"0
Reasoning: The text describes a factual observation about animal populations and human interaction with them. There is no indication of sarcasm; the literal and intended meanings align, making it not sarcastic. The phrase ""total circlejerk"" is used here in a straightforward manner, not as"
Life long weird brekkie here : Rice Bubbles with milo on top,en-AU,False Positive (false sarcasm alarm),0,Not Sarcastic,1,0,Not Sarcastic,True,False,"0
Reasoning: The text appears to be describing a breakfast dish in a straightforward manner without any indication of sarcasm. The phrase ""Life long weird brekkie here"" suggests a casual observation about the nature of the meal, and ""Rice Bubbles with milo on top"""
"Some would be fellow travelers, others think its cool to be a rebel without knowledge of what it really stood or stands for. 
Never underestimate the broad and strong influence American culture has had here.",en-AU,False Positive (false sarcasm alarm),0,Not Sarcastic,1,0,Not Sarcastic,True,False,"0
Reasoning: The text describes a general observation about different perspectives on something related to American culture. There is no indication of irony or contradiction between the literal and intended meanings. The phrase ""Never underestimate"" suggests a warning rather than sarcasm. The intended meaning aligns with the literal wording"
"The Conversation: 'Everybody has not won': trickle-down economics was an idiotic idea. How do we fix the inequality it causes?
> Wealth, Orseme recognised, is not just about economic inequality but also about political inequality.
> 
> The threat of extreme wealth to the political promise of democracy runs like a red thread through Alfani's book. He demonstrates that, despite their power, rich people have been treated historically with suspicion and even disdain: considered dubious for their lack of a valuable social role or political contribution.
> 
> The wealthy generally lack understanding or sympathy for the struggles of the less fortunate, choosing instead to moralise their wealth through the pretence to good deeds or merit. As a result, Alfani concludes that wealthy people hold a fragile social position, always running the risk that the majority will turn against them.",en-AU,False Positive (false sarcasm alarm),0,Not Sarcastic,1,0,Not Sarcastic,True,False,"0
Reasoning: The text appears to be discussing serious economic and political theories without any indication of sarcasm. The statements are presented as facts and analysis, and there is no evidence of the literal and intended meanings contradicting each other. The language used is straightforward and does not contain any clear"
"It's called ""acting in concert"" they all get charged as the principal offender.",en-AU,False Positive (false sarcasm alarm),0,Not Sarcastic,1,0,Not Sarcastic,True,False,"0
Reasoning: The text reads literally as a straightforward statement about legal terms. There is no indication of sarcasm; the intended meaning aligns with the literal wording. The phrase ""acting in concert"" is a legal term, and the explanation follows logically without any ironic twist. Therefore,"
The first two words in the title are unnecessary...,en-AU,False Positive (false sarcasm alarm),0,Not Sarcastic,1,0,Not Sarcastic,True,False,"0
Reasoning: The text appears to be making a straightforward observation about the title, suggesting that the initial part of the title is redundant. There is no indication of sarcasm; the literal and intended meanings align, as the speaker is simply pointing out something that seems superfluous without any"
"No. 
I don't even know what means",en-AU,False Positive (false sarcasm alarm),0,Not Sarcastic,1,0,Not Sarcastic,True,False,"0
Reasoning: The text appears to be a straightforward expression of confusion or lack of understanding without any indication of sarcasm. The phrase ""No. I don't even know what means"" does not contain any elements that suggest the literal and intended meanings contradict each other. It simply states a"
Let's hope so because I saw an add for bitcoin on this post,en-AU,False Positive (false sarcasm alarm),0,Not Sarcastic,1,0,Not Sarcastic,True,False,"0
Reasoning: The text appears to be a straightforward comment about seeing an advertisement for Bitcoin. There is no indication of sarcasm; the literal and intended meanings align, making it not sarcastic. The phrase ""Let's hope so"" suggests a neutral or slightly positive sentiment rather than mockery"
"Heard this was Rockhampton high-end dining, but ended up very disappointed. Sure, similarly expensive to nearby restaurants and similarly substandard too. Not sure whether they're trying to go fine dining, family-orientated, or small business-like. They fail in any category. Food is not terrible. In fact it was n't bad by my taste. Still far, far below my expectations for what I was told was fine dining. Some elements did not seem very freshly made. Summing, poor quality control. Served by a very polite waitress who tried her best and I can appreciate that. Not tablecloth, but you can not try themselves for not being trained. The atmosphere is terrible. I almost thought to call it rustic, but that's simply trying to reframe outdated and worn out. Other diners were not the type with etiquette, who looked like they were deciding between here and a cheap substitute. T-shirts and sports shorts mainly, or walking down from the hotel in slides. Overrated and overpriced.",en-AU,False Negative (missed sarcasm),1,Sarcastic,0,0,Not Sarcastic,False,False,"0
Reasoning: The text describes a negative experience with the restaurant, criticizing its quality, service, and atmosphere. While the language is critical and disappointed, there is no indication that the intended meaning is opposite to the literal wording. The reviewer expresses dissatisfaction without suggesting the opposite interpretation. The literal"
"One ball, one bounce. Thems are the rules.",en-AU,False Positive (false sarcasm alarm),0,Not Sarcastic,1,0,Not Sarcastic,True,False,"0
Reasoning: The text appears to be stating a simple rule about balls and bounces without any indication of sarcasm. The phrase ""Thats' ems are the rules"" suggests a straightforward assertion rather than a mocking or ironic statement. The literal and intended meanings align, so it"
"I heard a podcast breakdown on the demographic voting Teal. They weren't disgruntled conservatives looking for an alternative. They were progressives voting strategically. 
The electorates themselves are shifting and the Teals will only last as long as it takes to put in a Greens or Labor candidate.",en-AU,False Positive (false sarcasm alarm),0,Not Sarcastic,1,0,Not Sarcastic,True,False,"0
Reasoning: The text describes a demographic trend without expressing disapproval or mockery. The speaker is simply stating observed facts about voting behavior, which aligns with the literal and intended meanings. There is no indication of sarcasm. The phrase ""Teal"" likely refers to a political leaning"
"Given the dismissal of existing Human Rights Charters during Covid, I don't see how having the same thing replicated at a federal level, that can be over-ridden at the whim of those it is supposed to constrain, is going to be of much use.",en-AU,False Negative (missed sarcasm),1,Sarcastic,0,0,Not Sarcastic,False,False,"0
Reasoning: The text describes a situation without expressing sarcasm. The speaker is simply stating their view about the potential usefulness of a federal human rights charter. There is no indication that the literal and intended meanings contradict each other. The phrase ""that can be over-ridden at the whim"
Hakata Gensuke is pretty hard to beat IMO,en-AU,False Positive (false sarcasm alarm),0,Not Sarcastic,1,0,Not Sarcastic,True,False,"0
Reasoning: The text is expressing a personal opinion about the quality of Hakata Gensuke without any indication of sarcasm. The phrase ""IMO"" (In My Opinion) suggests a straightforward expression of a viewpoint, and there is no contradiction between the literal and intended meanings. The"
Another punter learns the Bunnings lesson. They're every bit as undeserving of your money as Harvey Norman. Fuck em.,en-AU,False Positive (false sarcasm alarm),0,Not Sarcastic,1,1,Sarcastic,False,False,"0
Reasoning: The text uses ""Fuck em."" which is a direct expression of disapproval and contempt, but it does not indicate sarcasm as the intended meaning aligns with the literal wording. The phrase ""Fuck em."" is a straightforward insult rather than a sarcastic one."
By never telling us where she's from!,en-AU,False Positive (false sarcasm alarm),0,Not Sarcastic,1,0,Not Sarcastic,True,False,"0
Reasoning: The text appears to be a straightforward criticism of someone not disclosing their origin. There is no indication of sarcasm; the literal and intended meanings align, suggesting the person is simply expressing frustration about the lack of information provided. The phrase ""never telling us"" directly conveys"
"I find it hilarious that this is an article about emergency ambulances and they're using a NPT truck, which appears to be breaking the law by speeding",en-AU,False Positive (false sarcasm alarm),0,Not Sarcastic,1,0,Not Sarcastic,True,False,"0
Reasoning: The text describes a situation as humorous without any indication of sarcasm. The use of ""hilarious"" directly expresses the intended meaning, and there is no contradiction between the literal and intended readings. The text is simply stating a fact about the situation being funny. The"
How is telling people to be honest being shaddy?,en-AU,False Positive (false sarcasm alarm),0,Not Sarcastic,1,1,Sarcastic,False,False,"0
Reasoning: The text uses ""shaddy"" which is a colloquial term meaning shady or unethical, but in this context, it's used sarcastically to mock the idea of telling people to be honest. However, the overall tone and structure suggest that the author is making a"
Yes you are being petty.,en-AU,False Positive (false sarcasm alarm),0,Not Sarcastic,1,0,Not Sarcastic,True,False,"0
Reasoning: The text ""Yes you are being petty"" is straightforward and does not contain any indication of sarcasm. The phrase ""Yes you are being petty"" is a direct statement without any implied opposite meaning. Therefore, the literal and intended meanings agree, making it not sarcastic"
"39, Sydney.
Generally most of us are earning for the banks to pay off our home loans.
We stopped manufacturing, We stopped innovating, We are increasing our immigrant intake with little consideration for Australians or the immigrants to Australia.
Immigrants keep working , to make ends meet in this super expensive country.
Aussies keep working to pay off their Sydney - Melb properties or to make sure they have enough investment properties .
I agree no one enjoys anymore. Little scope left apart from a small percentage of population.",en-AU,False Positive (false sarcasm alarm),0,Not Sarcastic,1,0,Not Sarcastic,True,False,"0
Reasoning: The text describes economic conditions and immigration trends in Australia without using sarcasm markers. The statements are presented as straightforward observations rather than ironic or mocking statements. The intended meaning aligns with the literal wording, indicating that the text is not sarcastic. Decisive cues:"
Not a shill mate. Just someone that's pissed off his rent has increased by 50% since 2020.,en-AU,False Positive (false sarcasm alarm),0,Not Sarcastic,1,0,Not Sarcastic,True,False,"0
Reasoning: The text is expressing genuine frustration about a significant increase in rent. There is no indication of sarcasm; the sentiment aligns with the stated facts without any ironic twist. The phrase ""pissed off"" conveys a straightforward emotional state without suggesting a contradiction between the"
"An accurate, well-structured and dignified statement - that really shouldn't even need to be made.",en-AU,False Positive (false sarcasm alarm),0,Not Sarcastic,1,0,Not Sarcastic,True,False,"0
Reasoning: The text appears to be praising the statement being made, which aligns with both its literal and intended meanings. There is no indication of sarcasm. The phrase ""shouldn't even need to be made"" suggests that the statement is so good that it doesn't require"
I wonder if you actually heard the crimes that these people did would you still want them here,en-AU,False Positive (false sarcasm alarm),0,Not Sarcastic,1,0,Not Sarcastic,True,False,"0
Reasoning: The text appears to be making a serious accusation about the actions of certain individuals. Without additional context suggesting irony, the literal and intended meanings align, indicating the statement is not sarcastic. There are no lexical markers of sarcasm present. The text is expressing concern and dis"
I really just have anecdotes to add. But I've noticed there have been **a lot** of people off sick in the past few weeks at my job. People being off sick for long periods of time. There's definitely *something* going around at the moment. But I've not paid too much attention to it outside of that.,en-AU,False Negative (missed sarcasm),1,Sarcastic,0,0,Not Sarcastic,False,False,"0
Reasoning: The text describes anecdotal observations about a health issue at work. There is no indication of sarcasm; the literal and intended meanings align, as the speaker is simply sharing personal observations without any implied criticism or mockery. The use of ""really just"" and ""but I"
"The line is incredibly long. Expect to wait an hour if you go after 10 pm. Also they cutoff their custom cocktails 40-50 minutes and sometimes an hour before they close at 1 am, so basically when they choose, because of some rule they could n't explain thoroughly to me. It's weird cause they still offer hard liquor drinks at 11AUD per pour. Does n't make sense. The vibe here is decent. I'd say this spot is best for a day party. They have different DJs and an accepting, open vibe where everyone is accepted no matter race, religion, or orientation. Everyone just wants to listen to good music or makeout haha Note: They wo n't let people in 30min before close and the bar is petty much open air with a rooftop so it's subject to the weather.",en-AU,False Negative (missed sarcasm),1,Sarcastic,0,0,Not Sarcastic,False,False,"0
Reasoning: The text describes the restaurant's service, atmosphere, and rules in a straightforward manner without any indication of sarcasm. The literal and intended meanings align, making it not sarcastic. There are no ironic expressions or contradictions that would suggest sarcasm. The tone is neutral and"
I would say if you're a public school that someone in a private school is likely to have heard about then you are a quasi private school,en-AU,False Positive (false sarcasm alarm),0,Not Sarcastic,1,0,Not Sarcastic,True,False,"0
Reasoning: The text appears to be making a straightforward observation about the relationship between public and private schools. There is no indication of sarcasm; the literal and intended meanings align, suggesting the statement is not sarcastic. The phrase ""quasi private school"" is used in a neutral"
">Labor already has said it will delay introducing legislation for its $13.7bn package of production credits for hydrogen producers and critical minerals processing announced in the federal budget to allow time to negotiate with the Greens
This article exists for this sole paragraph.",en-AU,False Positive (false sarcasm alarm),0,Not Sarcastic,1,0,Not Sarcastic,True,False,"0
Reasoning: The text appears to be reporting a fact about Labor's decision to delay legislation. There is no indication of sarcasm; the literal and intended meanings align, as the text is simply stating a political action without any implied opposite meaning. The use of "">"" at the beginning of"
"Back when London and New York were building subways, Melbourne was busy becoming was the richest city in the world and the second-largest (after London) in the British Empire.  
However Melbourne also has a history has of really poor government, a tradition that remains today.",en-AU,False Positive (false sarcasm alarm),0,Not Sarcastic,1,0,Not Sarcastic,True,False,"0
Reasoning: The text describes historical facts about Melbourne's economic status and governance. There is no indication of sarcasm; the literal and intended meanings align, making it not sarcastic. The use of ""however"" suggests a contrast rather than irony. The text is simply stating historical information"
"Unfortunately the happy service was not enough to make up for the food. 29 for the seafood basket for 2, was a little over the top. The fish were only half sized, and everything except the chips were overcooked. The prawn cutlets and calamari rings crunched because they were that dry. You could taste the oil, not the flavour of the food. Even the lemon was dry. It was really disappointing I hang out for fresh fish to eat near the ocean.",en-AU,False Negative (missed sarcasm),1,Sarcastic,0,0,Not Sarcastic,False,False,"0
Reasoning: The text describes a negative dining experience without any indication of sarcasm. The criticism of the food quality and presentation is straightforward and does not contradict the described events. The literal and intended meanings align, thus it is not sarcastic. There are no lexical irony markers or context"
"Yeah, this subway ai n't it. Recently moved so this is now my local subway and it is miserable to say the least. There was only one young girl at the counter serving, and she just did not seem happy to be there or care about the job she was doing. The sandwichs she made us where sloppy to say the least and they were simple pizza subs with nothing but meat and cheese. Thought there would have been someone else supervising, but no. Ca nt say I'm impressed, will be driving extra to go to another subway.",en-AU,False Negative (missed sarcasm),1,Sarcastic,0,0,Not Sarcastic,False,False,"0
Reasoning: The text describes a negative experience with a subway service, expressing dissatisfaction without any indication of sarcasm. The literal and intended meanings align, indicating the text is not sarcastic. There are no ironic markers or clear indications of mocking or irony. The tone is straightforwardly critical"
We ordered 4 burgers. Each burger had about 3 strands of lettuce in them which was super disappointing. The chips were barely cooked and not even salted. Disappointing stop for us.,en-AU,False Negative (missed sarcasm),1,Sarcastic,0,0,Not Sarcastic,False,False,"0
Reasoning: The text describes a negative dining experience with specific details about the food quality, which aligns with the intended meaning without any polarity reversal. There are no ironic elements present. The literal and intended readings agree."
"I used to watch Jordan shanks but he retire from journalism this year, i usually just put on Philip defranco on the morning now. He usually does a bit of everything but he's is American so not much local news.",en-AU,False Negative (missed sarcasm),1,Sarcastic,0,0,Not Sarcastic,False,False,"0
Reasoning: The text describes a change in the narrator's TV watching habits without any indication of sarcasm. The literal and intended meanings align, as the narrator simply states a preference for different content. There is no polarity reversal between the literal and intended readings. The use of ""usually"
A lot of comments are thinking they're above this? If it's a super busy period and somebody passes you the note while they're holding the Chinese text side your brain would be on autopilot and already assume it's a real $50 note as you're not thinking it'd be a counterfeit due to the small chance you'd ever receive one.,en-AU,False Positive (false sarcasm alarm),0,Not Sarcastic,1,0,Not Sarcastic,True,False,"0
Reasoning: The text describes a plausible scenario where someone might misidentify a note due to the context of a busy situation. There is no indication of mockery or ironic intent beyond the straightforward description. The literal and intended meanings align, thus it is not sarcastic."
"Cool, without knowing your prospective field, this is impossible to answer",en-AU,False Negative (missed sarcasm),1,Sarcastic,0,0,Not Sarcastic,False,False,"0
Reasoning: The text appears to be a straightforward statement expressing surprise at the impossibility of answering without knowing the prospective field. There is no indication of sarcasm; the literal and intended meanings align. The phrase ""Cool"" at the beginning does not imply sarcasm but rather a neutral"
I know officers .. you couldn't pay me enough.,en-AU,False Positive (false sarcasm alarm),0,Not Sarcastic,1,0,Not Sarcastic,True,False,"0
Reasoning: The text is expressing genuine dissatisfaction with the idea of being paid by police officers, which aligns with the literal and intended meanings without any polarity reversal. The phrase ""you couldn't pay me enough"" implies a strong disapproval, but it does not suggest sarcasm as"
"""She's revealed she's reached out to the human rights equal opportunity commissioner.
""I have reached out to the minister for women. as well creative industries,"" she said.""
This is clearly a media stunt. She rocked up knowing she'd get turned away and to manufacture a news story. I suspect Jasmine is a friend of Jacqui Felgate or is otherwise associated with 3AW/Nine. Especially after the whole Arj Barker thing (that the media cared way more about than the public). This is not a coincidence.",en-AU,False Positive (false sarcasm alarm),0,Not Sarcastic,1,0,Not Sarcastic,True,False,"0
Reasoning: The text describes a situation and suspects motives without using irony markers. The literal and intended meanings align, indicating the text is not sarcastic. The speaker is making a straightforward observation and inference based on their knowledge of the situation, which does not involve reversing the meaning. The"
"It's ok.
Knocking down the community housing in some of the most desired suburbs in Melbourne to build ones that are partially private/developer owned will definitely be better.
Who ever gets the contracts for the Prahran, Collingwood, Carlton, Sth Melbourne flats will be making millions in profits.
Victorian government is the worst in the country.",en-AU,False Positive (false sarcasm alarm),0,Not Sarcastic,1,0,Not Sarcastic,True,False,"0
Reasoning: The text appears to be expressing a harsh criticism of the Victorian government's policy regarding community housing. The speaker is clearly disapproving of the plan to demolish public housing and replace it with privately-owned units. There is no indication of sarcasm; the intended meaning align"
It's an installation as part of Rising Festival called Pay the Rent.,en-AU,False Negative (missed sarcasm),1,Sarcastic,0,0,Not Sarcastic,False,False,"0
Reasoning: The text describes a festival installation without any indication of sarcasm. The phrase ""Pay the Rent"" could be interpreted literally as the title of the art installation, and there is no context suggesting a mocking or ironic tone. The description is straightforward and neutral in tone."
"The restaurant looks beautiful, nice music at a good level, open kitchen you can see the chefs in and table service. Unfortunately the floor manager was rude from the get go, greeting us with a "" where are you going ? You ca n't just sit you need to go to the desk "" however there is no wait to be seated sign and no one waiting to greet you on entry. We ordered the mixed grill and asked to swap some sides( same price on the sides menu) was told this was n't allowed by manager. The young man serving us was great, very friendly and checked us multiple times we were n't left waiting. The food was average, bland and had no flavor. The seasoning on meats was basic to none, if you like the taste of straight unseasoned meat this place is for you. The coleslaw and creamy garlic sauce had no flavor at all. We did n't even end up finishing our ribs. Overall very sad experience overall for a rib and steak joint. Not worth the prices when a steak from coles with nothing but pepper and salt has more flavor.",en-AU,False Negative (missed sarcasm),1,Sarcastic,0,0,Not Sarcastic,False,False,"0
Reasoning: The text describes a dining experience, both the literal and intended meanings are critical and disappointed with the service and food quality. There is no polarity reversal between the literal and intended readings, thus it is not sarcastic."
"I'm really disappointed with the filthy state of this place, council ran who only give the cleaner two hrs for a five hr job it's not the cleaner fault it's the Horsham council.. the place is full of black mould.. on the floors and walls and blinds it's disgusting alot like most of the shops in this town I'm convinced that the health inspector gets kickbacks.. experienced in the food industry and have trained as a health inspector.. too much is unnoticed by them this filth has to stop. otherwise the staff at the pool are lovely.. but the state of the place has become a serious problem I'm not wanting to stop swimming they need to clean the place.. like alot of the food shops in this town.. sad how council treat it as it's a lovely place to live except the filth.",en-AU,False Positive (false sarcasm alarm),0,Not Sarcastic,1,0,Not Sarcastic,True,False,"0
Reasoning: The text describes a situation of poor cleanliness and maintenance in a public place, expressing disappointment and concern. While the language is emphatic and critical, there is no indication that the literal and intended meanings contradict each other. The sentiment is clearly negative and critical, but not sarcast"
"It's going to take about 6 months for McBride's new lawyers to put together an appeal. I can't prove his innocence in a reddit post. I just want to draw attention to the case, especially the blatant corruption of this judge and what that represents.
Politicians may not really care about their donors paying less taxes, but their bosses do. I hope judges are mostly honest as they have usually decided to make less money than they would as lawyers. However, this one has shown too many signs of corruption. The people who appoint and promote judges are corrupt and McBride had secrets they wouldn't let the public know.
Also, the judge hid that sentencing was going to take place until a last minute change of plans. I believe that being more senior, more visible and less incentivised to appease politicians should mean judges of the high court are trustworthy (certainly a hundred times more trustworthy than Mossop). I believe they will overturn the  verdict or at least give McBride a lighter sentence. Unfortunately legislators are highly against whistle blowing..
I'd also trust a more junior judge. Mossop seems to have been promoted above his level of competency, which seems suspicious.",en-AU,False Negative (missed sarcasm),1,Sarcastic,0,0,Not Sarcastic,False,False,"0
Reasoning: The text describes a factual situation and expresses opinions about legal matters without using irony markers. The literal and intended meanings align, indicating the text is not sarcastic. The speaker is making logical arguments and observations rather than using sarcasm. There are no indications of the intended meaning"
"Yeah, I avoid licenced venues here in large part because of the shit closing times. They're not where the parties are at anyway so nbd.
I do think part of it is a lot of Aussies don't seem to able to handle their drink, at least compared to Europeans. I really don't know why it is. Maybe even genetic or something? Or they KNOW the club is gonna shut at 3 so they go too hard too early. If you're in say Berlin and you know you're not leaving that club for 2 more days, then ofc you'll be pacing yourself. They don't pace here.",en-AU,False Positive (false sarcasm alarm),0,Not Sarcastic,1,0,Not Sarcastic,True,False,"0
Reasoning: The text describes observed behaviors and attitudes about closing times at licensed venues in Australia without expressing sarcasm. The speaker is simply stating facts and observations about the behavior of Australians compared to Europeans regarding alcohol consumption and partying. There is no contradiction between the literal and intended meanings."
"Disappointing service. Initially pre booked over a week prior, was on time but rushed through ordering without barely reading the menu. Pressure and stress the entire time. Asked if food was ok before we even took bite & constantly interrupted. If there was a time limit no one communicated this with us. Really made the whole night a very uncomfortable, rushed and stressful experienced. No ordering extra drinks or dessert. Food was excellent as always. Experience and Service horrible. After supporting this business since it opened I do n't feel like dining in anymore. I paid over 150 just to be rushed out the door and night completely ruined. ACCESS Is not all abilities accessible, difficult access with low steps into the building, very crowded with furniture inside making it difficult to navigate with mobility equipment. NUERODIVERSE Noisy and aggressive service not friendly to those with diverse needs.",en-AU,False Negative (missed sarcasm),1,Sarcastic,0,0,Not Sarcastic,False,False,"0
Reasoning: The text describes a negative experience with poor service and accessibility issues. While the language is emphatic and critical, the literal and intended meanings align; the author is expressing dissatisfaction without suggesting a contradiction. The criticism is genuine and does not involve ironic reversal of meaning. Therefore,"
"When I ask for extra sauce, I only want one extra squirt out of the bottle, not the entire bottle. Stop hiring restarted people.",en-AU,False Positive (false sarcasm alarm),0,Not Sarcastic,1,0,Not Sarcastic,True,False,"0
Reasoning: The text appears to be a straightforward complaint about the quantity of extra sauce requested, without any indication of sarcasm. The speaker is clearly expressing frustration with the amount of sauce being added, which aligns with the literal and intended meanings. There are no indicators of irony or"
"I'd counter this by saying if you can't afford the rent without being in arrears, you should find a cheaper place. A contract is a contract. It's being breached.",en-AU,False Negative (missed sarcasm),1,Sarcastic,0,0,Not Sarcastic,False,False,"0
Reasoning: The text appears to be making a straightforward legal argument about the enforceability of a contract. There is no indication of sarcasm; the literal and intended meanings align, as the speaker is simply stating a clear contractual principle. The phrase ""I'd counter this"" suggests a"
"I want cheap and reliable energy that is the least worst option.
Right now, the most affordable option to keep the lights on that is better than coal, is gas.",en-AU,False Positive (false sarcasm alarm),0,Not Sarcastic,1,0,Not Sarcastic,True,False,"0
Reasoning: The text appears to be making a straightforward statement about the desire for affordable and reliable energy sources. There is no indication of sarcasm; the literal and intended meanings align, so it is not sarcastic. The phrase ""the least worst option"" suggests a measured, non"
Cops don't need more powers as it is.,en-AU,False Positive (false sarcasm alarm),0,Not Sarcastic,1,0,Not Sarcastic,True,False,"0
Reasoning: The text reads as a straightforward statement suggesting that police already have enough power. There is no indication of irony or sarcasm; the literal and intended meanings align, making it not sarcastic."
"I don't think cost is the issue for most people as to whether they use public transport or not.
It's have a frequent, reliable and pleasant service that gets them from A to B in a reasonable time. They're willing to pay for that.
Quite often the A or B aren't on the network, and if they are, the service is not frequent, reliable or pleasant. People aren't willing to pay for that. The outer suburbs of Melbourne are an unfortunate example of this. Nobody's walking 1.5km to stand at a bus stop in the sun or rain for a bus that comes once every 45 minutes and is often late or cancelled so they can then walk 1.5km at the other end. They'll just drive instead, if they can possibly afford it.
Even with the much better trains in Melbourne, they're often late or cancelled due to trackworks, whether building new tracks and stations or fixing up old lines. You can't plan, ""Let's visit the city this weekend and go to Vic Market,"" you might find yourself taking a 90 minute bus journey instead of a 25' train journey, and falling over every time the overcrowded bus lurches to a stop or swings around a corner.",en-AU,False Positive (false sarcasm alarm),0,Not Sarcastic,1,0,Not Sarcastic,True,False,"0
Reasoning: The text describes a situation where public transport in Melbourne is unreliable and unpleasant, leading to people choosing to drive instead. The literal and intended meanings align, as the speaker is expressing frustration with the current state of public transport without implying the opposite. There is no indication of sarc"
"5 weeks of annual leave is standard for shift workers.
The other 4 weeks are usually ADOs from working shifts above the standard 38 hour week.
It's a pretty shit gig.
They get spat on, punched, and kicked.
They see murders, assaults and the worst of humanity.
On top of that, they have to make split-second decisions while everyone else gets 10 months to tear it apart
You get shat on by the community, management, and the government when something you had 2 seconds to decide in the heat of the moment.",en-AU,False Positive (false sarcasm alarm),0,Not Sarcastic,1,0,Not Sarcastic,True,False,"0
Reasoning: The text describes a harsh and challenging job situation without any indication of sarcasm. The description is straightforward and does not contradict itself in a way that suggests sarcasm. The tone is matter-of-fact and descriptive rather than mocking or ironic. There are no lexical markers of"
It's just banter.,en-AU,False Positive (false sarcasm alarm),0,Not Sarcastic,1,0,Not Sarcastic,True,False,"0
Reasoning: The text ""It's just banter"" is a straightforward statement indicating casual, friendly conversation. There is no indication of irony or sarcasm; the literal and intended meanings align, making it not sarcastic."
"Went to this place expecting at least a decent meal. BUT was very disappointed in the food, the staff were friendly and atmosphere was nice but I can not give the food anymore than 2 stars as my fish was over cooked, the prawns were not cleaned or shells had to be taken off by hand also over cooked and rubbery, not a fine dining experience we left still hungry",en-AU,False Positive (false sarcasm alarm),0,Not Sarcastic,1,0,Not Sarcastic,True,False,"0
Reasoning: The literal reading describes a negative dining experience, while the intended reading also conveys disappointment but does not contradict the literal reading. The criticism of the food quality aligns with the described experience, and there is no indication of sarcasm. The phrase ""BUT was very"
"They earn big money where I am, so they can manage to get the loans.",en-AU,False Positive (false sarcasm alarm),0,Not Sarcastic,1,0,Not Sarcastic,True,False,"0
Reasoning: The text appears to be a straightforward statement about earning and loan management without any indication of sarcasm. The phrase ""They earn big money where I am"" suggests a general observation about financial situations, and ""so they can manage to get the loans"" follows logically from the"
A teeny weenie polka dot bikini and a hat.,en-AU,False Positive (false sarcasm alarm),0,Not Sarcastic,1,1,Sarcastic,False,False,"0
Reasoning: The text appears to be a straightforward description of clothing items without any indication of sarcasm. The phrase ""teeny weenie"" is often used in a non-sarcastic way to describe small sizes, and ""polka dot bikini and a hat"" is simply"
Which closed economy of the last few decades do you think we should emulate?,en-AU,False Positive (false sarcasm alarm),0,Not Sarcastic,1,0,Not Sarcastic,True,False,"0
Reasoning: The text appears to be making a neutral observation about economic models. There is no indication of sarcasm; the intended meaning aligns with the literal wording. The phrase ""closed economy"" is presented without any implication of mockery or contradiction. The tone is straightforward and does not"
"I was meaning there isn't a medication for autism that will'fix' it, compared to adhd.
Although, some antidepressants or diazepam meds help with anxiety that can arise due to autism (Valium is great lol, I wish it wasn't addictive).",en-AU,False Negative (missed sarcasm),1,Sarcastic,0,0,Not Sarcastic,False,False,"0
Reasoning: The text describes the lack of a cure for autism and mentions that certain medications can help with related issues. There is no contradiction between the literal and intended meanings; the sentiment is neutral and informative. The speaker is simply stating facts about autism treatments. The literal and intended readings"
Fresh ocean fish can be caught day of and then flash frozen for transport to keep it fresh so it doesn't build up ammonia. I reckon it'd be more cruel to keep them alive in a dingy tank on a fishing boat.,en-AU,False Negative (missed sarcasm),1,Sarcastic,0,1,Sarcastic,True,False,"0
Reasoning: The text describes a method of catching and transporting fish in a non-sarcastic manner. The speaker is explaining a process that aims to minimize suffering, which aligns with both the literal and intended meanings. There is no indication of irony or contradiction between the words and"
